predict_LSTM_LSTMtest10.csv -> predict_LSTM_LSTMtest10.csv, 0
predict_LSTM_LSTMtest10.csv -> predict_LSTM_LSTMtest2.csv, 200
predict_LSTM_LSTMtest10.csv -> predict_LSTM_LSTMtest21.csv, 210
predict_LSTM_LSTMtest10.csv -> predict_LSTM_LSTMtest25.csv, 184
predict_LSTM_LSTMtest10.csv -> predict_LSTM_LSTMtest4.csv, 182
predict_LSTM_LSTMtest10.csv -> predict_LSTM_LSTMtest9.csv, 220
predict_LSTM_LSTMtest10.csv -> test.sh, 4013
predict_LSTM_LSTMtest2.csv -> predict_LSTM_LSTMtest10.csv, 200
predict_LSTM_LSTMtest2.csv -> predict_LSTM_LSTMtest2.csv, 0
predict_LSTM_LSTMtest2.csv -> predict_LSTM_LSTMtest21.csv, 140
predict_LSTM_LSTMtest2.csv -> predict_LSTM_LSTMtest25.csv, 154
predict_LSTM_LSTMtest2.csv -> predict_LSTM_LSTMtest4.csv, 144
predict_LSTM_LSTMtest2.csv -> predict_LSTM_LSTMtest9.csv, 170
predict_LSTM_LSTMtest2.csv -> test.sh, 4013
predict_LSTM_LSTMtest21.csv -> predict_LSTM_LSTMtest10.csv, 210
predict_LSTM_LSTMtest21.csv -> predict_LSTM_LSTMtest2.csv, 140
predict_LSTM_LSTMtest21.csv -> predict_LSTM_LSTMtest21.csv, 0
predict_LSTM_LSTMtest21.csv -> predict_LSTM_LSTMtest25.csv, 152
predict_LSTM_LSTMtest21.csv -> predict_LSTM_LSTMtest4.csv, 134
predict_LSTM_LSTMtest21.csv -> predict_LSTM_LSTMtest9.csv, 164
predict_LSTM_LSTMtest21.csv -> test.sh, 4013
predict_LSTM_LSTMtest25.csv -> predict_LSTM_LSTMtest10.csv, 184
predict_LSTM_LSTMtest25.csv -> predict_LSTM_LSTMtest2.csv, 154
predict_LSTM_LSTMtest25.csv -> predict_LSTM_LSTMtest21.csv, 152
predict_LSTM_LSTMtest25.csv -> predict_LSTM_LSTMtest25.csv, 0
predict_LSTM_LSTMtest25.csv -> predict_LSTM_LSTMtest4.csv, 148
predict_LSTM_LSTMtest25.csv -> predict_LSTM_LSTMtest9.csv, 174
predict_LSTM_LSTMtest25.csv -> test.sh, 4013
predict_LSTM_LSTMtest4.csv -> predict_LSTM_LSTMtest10.csv, 182
predict_LSTM_LSTMtest4.csv -> predict_LSTM_LSTMtest2.csv, 144
predict_LSTM_LSTMtest4.csv -> predict_LSTM_LSTMtest21.csv, 134
predict_LSTM_LSTMtest4.csv -> predict_LSTM_LSTMtest25.csv, 148
predict_LSTM_LSTMtest4.csv -> predict_LSTM_LSTMtest4.csv, 0
predict_LSTM_LSTMtest4.csv -> predict_LSTM_LSTMtest9.csv, 172
predict_LSTM_LSTMtest4.csv -> test.sh, 4013
predict_LSTM_LSTMtest9.csv -> predict_LSTM_LSTMtest10.csv, 220
predict_LSTM_LSTMtest9.csv -> predict_LSTM_LSTMtest2.csv, 170
predict_LSTM_LSTMtest9.csv -> predict_LSTM_LSTMtest21.csv, 164
predict_LSTM_LSTMtest9.csv -> predict_LSTM_LSTMtest25.csv, 174
predict_LSTM_LSTMtest9.csv -> predict_LSTM_LSTMtest4.csv, 172
predict_LSTM_LSTMtest9.csv -> predict_LSTM_LSTMtest9.csv, 0
predict_LSTM_LSTMtest9.csv -> test.sh, 4013
test.sh -> predict_LSTM_LSTMtest10.csv, 4013
test.sh -> predict_LSTM_LSTMtest2.csv, 4013
test.sh -> predict_LSTM_LSTMtest21.csv, 4013
test.sh -> predict_LSTM_LSTMtest25.csv, 4013
test.sh -> predict_LSTM_LSTMtest4.csv, 4013
test.sh -> predict_LSTM_LSTMtest9.csv, 4013
test.sh -> test.sh, 0
